apple_pie/41_apple_slab_pie_hostedLargeUrl.jpg
apple_pie/36_vermont_apple_slab_pie_hostedLargeUrl.jpg
apple_pie/31_skinny_apple_pie_hostedLargeUrl.jpg
apple_pie/2_perfect_apple_pie_hostedLargeUrl.jpg
apple_pie/29_traditional_apple_pie_hostedLargeUrl.jpg
apple_pie/4_classic_apple_pie_hostedLargeUrl.jpg
apple_pie/1_chai_apple_pie_hostedLargeUrl.jpg
apple_pie/6_apple_pie_hostedLargeUrl.jpg
croque_madame/48_croque-madame_muffins__delicious_french_breakfast_hostedLargeUrl.jpg
croque_madame/9_croque_madame_hostedLargeUrl.jpg
croque_madame/20_magnificent_croque_madames_hostedLargeUrl.jpg
croque_madame/42_classic_croque_madame_hostedLargeUrl.jpg
croque_madame/11_croque_madame_hostedLargeUrl.jpg
croque_madame/15_croque_madame_sandwiches_hostedLargeUrl.jpg
croque_madame/46_croque_madame_&_monsieur_hostedLargeUrl.jpg
croque_madame/5_croque_madame_hostedLargeUrl.jpg
paella/49_seafood_paella_hostedLargeUrl.jpg
paella/13_seafood_paella_hostedLargeUrl.jpg
paella/33_spanish_paella_hostedLargeUrl.jpg
paella/43_paella_hostedLargeUrl.jpg
paella/31_seafood_paella_hostedLargeUrl.jpg
paella/32_mushroom_paella_hostedLargeUrl.jpg
paella/22_easy_seafood_paella_hostedLargeUrl.jpg
paella/41_seafood_paella_hostedLargeUrl.jpg
gyoza/25_chicken_gyoza_(pot_stickers)_hostedLargeUrl.jpg
gyoza/37_pork_gyoza_hostedLargeUrl.jpg
gyoza/34_miso_pork_ramen_with_gyoza_hostedLargeUrl.jpg
gyoza/1_gyoza_hostedLargeUrl.jpg
gyoza/3_gyoza_hostedLargeUrl.jpg
gyoza/32_napa_cabbage_gyoza_hostedLargeUrl.jpg
gyoza/4_gyoza_hostedLargeUrl.jpg
crab_cakes/22_maryland_crab_cakes_hostedLargeUrl.jpg
crab_cakes/1_old_bay_crab_cakes_hostedLargeUrl.jpg
crab_cakes/3_maryland_crab_cakes_with_quick_tartar_sauce_hostedLargeUrl.jpg
crab_cakes/15_crab_cakes_hostedLargeUrl.jpg
crab_cakes/29_original_old_bay_crab_cakes_hostedLargeUrl.jpg
crab_cakes/4_maryland-style_crab_cakes_hostedLargeUrl.jpg
crab_cakes/31_shirley_phillips_crab_cakes_hostedLargeUrl.jpg
crab_cakes/19_crab_cakes_with_spicy_remoulade_sauce_hostedLargeUrl.jpg
carrot_cake/27_carrot_cake_hostedLargeUrl.jpg
carrot_cake/12_carrot_cake_hostedLargeUrl.jpg
carrot_cake/31_carrot_cake_hostedLargeUrl.jpg
carrot_cake/41_carrot_cake_hostedLargeUrl.jpg
carrot_cake/10_super_moist_carrot_cake_with_cream_cheese_frosting_hostedLargeUrl.jpg
carrot_cake/16_carrot_cake_hostedLargeUrl.jpg
carrot_cake/46_carrot_cake_hostedLargeUrl.jpg
carrot_cake/45_raw_carrot_cake_hostedLargeUrl.jpg
chicken_curry/37_mouth_watering_coconut_thai_chicken_curry_hostedLargeUrl.jpg
chicken_curry/40_chicken_massaman_curry_hostedLargeUrl.jpg
chicken_curry/44_chicken_massaman_curry_hostedLargeUrl.jpg
chicken_curry/17_eggplant_chicken_curry_hostedLargeUrl.jpg
chicken_curry/2_chicken_curry_with_coconut_milk_hostedLargeUrl.jpg
chicken_curry/0_our_house_pakistani_chicken_curry._hostedLargeUrl.jpg
chicken_curry/30_cook_thai_chicken_curry_hostedLargeUrl.jpg
chicken_curry/49_thai_chicken_curry_hostedLargeUrl.jpg
steak/34_perfect_ribeye_steak_hostedLargeUrl.jpg
steak/6_steak,_avocado_and_feta_pitas_hostedLargeUrl.jpg
steak/7_sugar_steak_with_bourbon_hostedLargeUrl.jpg
steak/8_steak_with_anchovy_dressing_(entrecote_a_l'anchoiade)_hostedLargeUrl.jpg
steak/5_slow_cooker_french_onion_swiss_steak_hostedLargeUrl.jpg
steak/46_flank_steak_pinwheels_hostedLargeUrl.jpg
steak/1_steaks_hostedLargeUrl.jpg
steak/43_steak_gorgonzola_alfredo_(olive_garden_copycat)_hostedLargeUrl.jpg
cannoli/34_cannoli_cones_hostedLargeUrl.jpg
cannoli/43_cannoli_cream_hostedLargeUrl.jpg
cannoli/39_key_lime_cannoli_hostedLargeUrl.jpg
cannoli/32_chocolate_chip_cannoli_hostedLargeUrl.jpg
cannoli/15_cannoli_siciliani_hostedLargeUrl.jpg
cannoli/44_cannoli_dip_hostedLargeUrl.jpg
cannoli/27_smores_cannoli_hostedLargeUrl.jpg
cannoli/1_basic_cannoli_hostedLargeUrl.jpg
ceviche/31_langostino_ceviche_hostedLargeUrl.jpg
ceviche/15_mexican_ceviche_hostedLargeUrl.jpg
ceviche/4_ceviche_hostedLargeUrl.jpg
ceviche/25_ceviche_hostedLargeUrl.jpg
ceviche/38_halibut_ceviche_hostedLargeUrl.jpg
ceviche/29_shrimp_ceviche_hostedLargeUrl.jpg
ceviche/12_ceviche_hostedLargeUrl.jpg
ceviche/37_shrimp_ceviche_tostada_hostedLargeUrl.jpg
shrimp_and_grits/46_smuttered_shrimp_and_grits_hostedLargeUrl.jpg
shrimp_and_grits/48_shrimp_and_cheese_grits_hostedLargeUrl.jpg
shrimp_and_grits/27_blackened_shrimp_with_gouda_grits_hostedLargeUrl.jpg
shrimp_and_grits/2_shrimp-n-grits_hostedLargeUrl.jpg
shrimp_and_grits/5_shrimp_&_grits_hostedLargeUrl.jpg
shrimp_and_grits/28_easy_shrimp_and_grits_hostedLargeUrl.jpg
shrimp_and_grits/35_low_country_shrimp_and_grits_hostedLargeUrl.jpg
shrimp_and_grits/6_shrimp_and_andouille_grits_hostedLargeUrl.jpg
hummus/0_hummus_hostedLargeUrl.jpg
hummus/29_traditional_hummus_hostedLargeUrl.jpg
hummus/46_hummus_hostedLargeUrl.jpg
hummus/47_spicy_hummus_hostedLargeUrl.jpg
hummus/22_cauliflower_hummus_hostedLargeUrl.jpg
hummus/16_hummus_hostedLargeUrl.jpg
hummus/12_sriracha_hummus_hostedLargeUrl.jpg
hummus/40_roasted_red_pepper_hummus_hostedLargeUrl.jpg
hot_and_sour_soup/28_chinese_hot_and_sour_soup_hostedLargeUrl.jpg
hot_and_sour_soup/43_shiitake_&_noodle_hot_&_sour_soup_hostedLargeUrl.jpg
hot_and_sour_soup/13_joanne_chang's_hot_and_sour_soup_hostedLargeUrl.jpg
hot_and_sour_soup/46_hot_and_sour_soup_hostedLargeUrl.jpg
hot_and_sour_soup/14_hot_and_sour_soup_hostedLargeUrl.jpg
hot_and_sour_soup/35_hot_and_sour_soup_hostedLargeUrl.jpg
hot_and_sour_soup/4_easy_hot_and_sour_soup_hostedLargeUrl.jpg
hot_and_sour_soup/41_easy_hot_and_sour_soup_hostedLargeUrl.jpg
nachos/9_addictive_&_healthy_paleo_nachos_hostedLargeUrl.jpg
nachos/27_addictive_&_healthy_paleo_nachos_hostedLargeUrl.jpg
nachos/15_how_to_make_the_ultimate_nachos_hostedLargeUrl.jpg
nachos/4_cowboy_nachos_hostedLargeUrl.jpg
nachos/39_crazy_nachos_hostedLargeUrl.jpg
nachos/12_sheet_pan_nachos_hostedLargeUrl.jpg
nachos/46_chicken_nachos_hostedLargeUrl.jpg
nachos/20_layered_nachos_hostedLargeUrl.jpg
creme_brulee/46_paleo_creme_brulee_hostedLargeUrl.jpg
creme_brulee/10_creme_brulee_hostedLargeUrl.jpg
creme_brulee/5_creme_brulee_hostedLargeUrl.jpg
creme_brulee/7_lemon_creme_brulee_hostedLargeUrl.jpg
creme_brulee/2_creme_brulee_hostedLargeUrl.jpg
creme_brulee/22_alton_brown's_creme_brulee_hostedLargeUrl.jpg
creme_brulee/37_lavender_creme_brulee_hostedLargeUrl.jpg
creme_brulee/27_raspberry_creme_brulee_hostedLargeUrl.jpg
hamburger/29_fried_potatoes_and_hamburger_hostedLargeUrl.jpg
hamburger/30_cheddar_and_blue_hamburger_hostedLargeUrl.jpg
hamburger/25_bacon_wrapped_hamburgers_hostedLargeUrl.jpg
hamburger/0_roasted_hamburgers_hostedLargeUrl.jpg
hamburger/3_hearty_hamburger_stew_hostedLargeUrl.jpg
hamburger/39_hamburger_pie_hostedLargeUrl.jpg
hamburger/10_tomato_basil_hamburgers_hostedLargeUrl.jpg
hamburger/16_southwestern_hamburgers_hostedLargeUrl.jpg
beef_tartare/45_cevapcici_hostedLargeUrl.jpg
beef_tartare/38_cloud_bread_cheeseburgers_(carb_free)_hostedLargeUrl.jpg
beef_tartare/0_beef_tartare_with_cherry_peppers_hostedLargeUrl.jpg
beef_tartare/15_venison_heart_tartare_hostedLargeUrl.jpg
beef_tartare/18_warm_ethiopian_steak_tartare_hostedLargeUrl.jpg
beef_tartare/32_old_school_italian_meat_sauce_hostedLargeUrl.jpg
beef_tartare/9_steak_tartar_hostedLargeUrl.jpg
fish_and_chips/9_fish_&_chips_hostedLargeUrl.jpg
fish_and_chips/38_9_easy_steps_to_delicious_home_made_fish_and_chips_hostedLargeUrl.jpg
fish_and_chips/4_classic_fish_and_chips_hostedLargeUrl.jpg
fish_and_chips/30_sheet_pan_fish_and_chips_hostedLargeUrl.jpg
fish_and_chips/15_fish_and_chips_hostedLargeUrl.jpg
fish_and_chips/16_fish_'n_chips_wrapwich_hostedLargeUrl.jpg
fish_and_chips/1_classic_fish_and_chips_hostedLargeUrl.jpg
fish_and_chips/35_british_beer_battered_fish_&_chips_hostedLargeUrl.jpg
falafel/28_falafels_hostedLargeUrl.jpg
falafel/42_baked_falafel_with_lemon_tahini_sauce_hostedLargeUrl.jpg
falafel/16_falafel_hostedLargeUrl.jpg
falafel/48_baked_falafel_hostedLargeUrl.jpg
falafel/21_falafel_burger_hostedLargeUrl.jpg
falafel/7_falafel_tacos_[vegan]_hostedLargeUrl.jpg
falafel/2_falafel_hostedLargeUrl.jpg
falafel/22_homemade_falafel_hostedLargeUrl.jpg
beet_salad/22_beet_salad_with_goat_cheese_hostedLargeUrl.jpg
beet_salad/44_roasted_beet_salad_hostedLargeUrl.jpg
beet_salad/17_my_favorite_beet_salad_hostedLargeUrl.jpg
beet_salad/34_beet_&_goat_cheese_salad_hostedLargeUrl.jpg
beet_salad/37_quinoa_and_roasted_beet_salad_hostedLargeUrl.jpg
beet_salad/24_roasted_beet_salad_with_caramelized_garlic,_walnuts_and_goat_cheese_hostedLargeUrl.jpg
beet_salad/48_pear_&_beet_salad_with_toasted_pecans_&_goat_cheese_hostedLargeUrl.jpg
beet_salad/10_balsamic_beet_salad_with_arugula_and_goat_cheese_hostedLargeUrl.jpg
samosa/27_punjabi_samosa_hostedLargeUrl.jpg
samosa/48_indian_classics_-_traditional_potato_and_peas_samosas_hostedLargeUrl.jpg
samosa/16_easy_samosa_hostedLargeUrl.jpg
samosa/0_beef_samosas_hostedLargeUrl.jpg
samosa/11_vegetable_samosas_hostedLargeUrl.jpg
samosa/49_quick_and_easy_samosas_hostedLargeUrl.jpg
samosa/5_samosa_hostedLargeUrl.jpg
samosa/7_samosa_hostedLargeUrl.jpg
eggs_benedict/22_arugula_and_prosciutto_egg_benedict_hostedLargeUrl.jpg
eggs_benedict/7_eggs_benedict_with_easy_hollandaise_sauce_hostedLargeUrl.jpg
eggs_benedict/9_best_eggs_benedict_hostedLargeUrl.jpg
eggs_benedict/27_keto_eggs_benedict_hostedLargeUrl.jpg
eggs_benedict/4_eggs_benedict_hostedLargeUrl.jpg
eggs_benedict/19_eggs_benedict_hostedLargeUrl.jpg
eggs_benedict/31_eggs_benedict_hostedLargeUrl.jpg
eggs_benedict/42_lobster_eggs_benedict_hostedLargeUrl.jpg
beef_carpaccio/8_beef_tenderloin_carpaccio_hostedLargeUrl.jpg
beef_carpaccio/2_easy_beef_carpaccio_with_arugula_hostedLargeUrl.jpg
beef_carpaccio/5_beef_carpaccio_with_pears_and_arugula_hostedLargeUrl.jpg
beef_carpaccio/25_a_trio_of_passover_picnic_menus_hostedLargeUrl.jpg
beef_carpaccio/18_carpaccio_and_parmesan_cheese_rolls_with_balsamic_vinegar_hostedLargeUrl.jpg
pork_chop/6_quick_herb_lemon_pork_chops_hostedLargeUrl.jpg
pork_chop/20_perfect_pork_chops_hostedLargeUrl.jpg
pork_chop/45_oven_pork_chop_hostedLargeUrl.jpg
pork_chop/3_quick_rosemary_pork_chops_hostedLargeUrl.jpg
pork_chop/0_mediterranean_pork_chops_hostedLargeUrl.jpg
pork_chop/17_succulent_pork_chops_hostedLargeUrl.jpg
pork_chop/31_pork_chops_with_peaches_and_walnuts_hostedLargeUrl.jpg
pork_chop/5_balsamic_pork_chops_hostedLargeUrl.jpg
escargots/11_escargot_stuffed_mushrooms_hostedLargeUrl.jpg
escargots/12_roasted_escargots,_butter,_oregano,_parsley_hostedLargeUrl.jpg
escargots/9_escargots_a_la_bourguignonne_hostedLargeUrl.jpg
escargots/25_le_sanglier_part_iii_hostedLargeUrl.jpg
churros/43_homemade_mexican_churros_hostedLargeUrl.jpg
churros/39_oreo_churros_hostedLargeUrl.jpg
churros/9_churros_hostedLargeUrl.jpg
churros/34_glazed_churros_hostedLargeUrl.jpg
churros/22_churros_i_hostedLargeUrl.jpg
churros/37_easy_churros_with_two_ingredient_nutella_sauce_hostedLargeUrl.jpg
churros/13_churros_hostedLargeUrl.jpg
churros/18_churros_ii_hostedLargeUrl.jpg
miso_soup/16_tofu_and_mushroom_miso_soup_hostedLargeUrl.jpg
miso_soup/27_chicken_miso_soup_hostedLargeUrl.jpg
miso_soup/5_miso_soup_hostedLargeUrl.jpg
miso_soup/0_miso_soup_hostedLargeUrl.jpg
miso_soup/34_miso_soup_hostedLargeUrl.jpg
miso_soup/47_homemade_miso_soup_hostedLargeUrl.jpg
miso_soup/40_miso_soup_hostedLargeUrl.jpg
miso_soup/23_miso_soup_with_udon_noodles_hostedLargeUrl.jpg
cheese_plate/31_red_velvet_cake_with_cream_cheese_icing_hostedLargeUrl.jpg
cheese_plate/48_cauliflower_cheese_and_bacon_fritters_hostedLargeUrl.jpg
cheese_plate/1_sweet_cream_cheese_wontons_hostedLargeUrl.jpg
cheese_plate/39_pepperoni_pizza_grilled_cheese_hostedLargeUrl.jpg
cheese_plate/0_the_summer_cheese_plate_hostedLargeUrl.jpg
cheese_plate/5_crispy_cheese_and_bacon_potatoes_hostedLargeUrl.jpg
cheese_plate/29_turos_csusza_(pasta_with_curd_cheese)_hostedLargeUrl.jpg
cheese_plate/43_delicate_cream_cheese_pancakes_hostedLargeUrl.jpg
huevos_rancheros/21_huevos_rancheros_hostedLargeUrl.jpg
huevos_rancheros/4_huevos_rancheros_hostedLargeUrl.jpg
huevos_rancheros/1_huevos_rancheros_hostedLargeUrl.jpg
huevos_rancheros/25_huevos_rancheros_casserole_hostedLargeUrl.jpg
huevos_rancheros/35_huevos_rancheros_hostedLargeUrl.jpg
huevos_rancheros/28_huevo_ranchero_tostada_hostedLargeUrl.jpg
huevos_rancheros/33_huevos_rancheros_tacos_hostedLargeUrl.jpg
huevos_rancheros/11_huevos_rancheros_hostedLargeUrl.jpg
chicken_wings/25_5-ingredient_slow_cooker_honey-dijon_chicken_wings_hostedLargeUrl.jpg
chicken_wings/15_sesame_chicken_wings_hostedLargeUrl.jpg
chicken_wings/19_buffalo_chicken_wings_hostedLargeUrl.jpg
chicken_wings/10_ranch_chicken_wings_hostedLargeUrl.jpg
chicken_wings/17_salt_and_vinegar_chicken_wings_hostedLargeUrl.jpg
chicken_wings/12_honey_garlic_chicken_wings_hostedLargeUrl.jpg
chicken_wings/28_hooters_buffalo_chicken_wings_hostedLargeUrl.jpg
chicken_wings/13_sweet_thai_chicken_wings_hostedLargeUrl.jpg
mussels/34_mussels_with_parsley_and_garlic_hostedLargeUrl.jpg
mussels/24_curried_mussels_hostedLargeUrl.jpg
mussels/16_thai_mussels_hostedLargeUrl.jpg
mussels/46_mussels_makana_hostedLargeUrl.jpg
mussels/0_broiled_mussels_hostedLargeUrl.jpg
mussels/2_mussels_hostedLargeUrl.jpg
mussels/41_mussel_bound_hostedLargeUrl.jpg
mussels/26_mussels_in_spicy_broth_hostedLargeUrl.jpg
chocolate_cake/41_chocolate_flan_cake_hostedLargeUrl.jpg
chocolate_cake/18_chocolate_mug_cake_hostedLargeUrl.jpg
chocolate_cake/16_heavenly_chocolate_cake_hostedLargeUrl.jpg
chocolate_cake/3_cinnamon_chocolate_cake_with_salted_honey_buttercream_hostedLargeUrl.jpg
chocolate_cake/28_craggy_chocolate_cake_hostedLargeUrl.jpg
chocolate_cake/45_chocolate_lovers'_cake_hostedLargeUrl.jpg
chocolate_cake/38_flourless_chocolate_cake_hostedLargeUrl.jpg
chocolate_cake/11_chocolate_magic_cake__hostedLargeUrl.jpg
fried_calamari/22_fried_calamari_crostini_hostedLargeUrl.jpg
fried_calamari/32_kicked_up_fried_calamari_with_creole_olive_salad_hostedLargeUrl.jpg
fried_calamari/2_fried_calamari_hostedLargeUrl.jpg
fried_calamari/28_fried_calamari_hostedLargeUrl.jpg
fried_calamari/4_fried_calamari_hostedLargeUrl.jpg
fried_calamari/34_greek_calamari_hostedLargeUrl.jpg
beignets/43_baby_blueberry_beignets_hostedLargeUrl.jpg
beignets/34_cafe_du_monde-style_sugared_beignets_hostedLargeUrl.jpg
beignets/44_new_orleans_beignets_hostedLargeUrl.jpg
beignets/1_beignets_hostedLargeUrl.jpg
beignets/6_beignets_hostedLargeUrl.jpg
beignets/48_french_beignets_hostedLargeUrl.jpg
beignets/8_beignets_hostedLargeUrl.jpg
beignets/9_beignets_hostedLargeUrl.jpg
french_fries/14_crunchy_baked_french_fries_hostedLargeUrl.jpg
french_fries/25_best_burger_and_french_fry_seasoning_hostedLargeUrl.jpg
french_fries/28_crispy_homemade_french_fries_hostedLargeUrl.jpg
french_fries/11_poutine_(french_fries_with_gravy_and_cheese_curds)_hostedLargeUrl.jpg
french_fries/34_oven_baked_french_fries__3_points_+_hostedLargeUrl.jpg
french_fries/48_tin_foil_loaded_french_fries_hostedLargeUrl.jpg
french_fries/33_homemade_crispy_seasoned_french_fries_hostedLargeUrl.jpg
french_fries/9_seasoned_baked_french_fries_hostedLargeUrl.jpg
macaroni_and_cheese/38_macaroni_and_cheese_hostedLargeUrl.jpg
macaroni_and_cheese/26_lobster_macaroni_and_cheese_hostedLargeUrl.jpg
macaroni_and_cheese/41_macaroni_and_cheese_perfection_hostedLargeUrl.jpg
macaroni_and_cheese/7_southern_macaroni_and_cheese_hostedLargeUrl.jpg
macaroni_and_cheese/40_macaroni_and_cheese_hostedLargeUrl.jpg
macaroni_and_cheese/29_deluxe_macaroni_and_cheese_hostedLargeUrl.jpg
macaroni_and_cheese/30_macaroni_&_cheese_hostedLargeUrl.jpg
macaroni_and_cheese/43_macaroni_&_cheese_hostedLargeUrl.jpg
onion_rings/5_crispy_onion_rings_hostedLargeUrl.jpg
onion_rings/6_spicy_buttermilk_onion_rings_hostedLargeUrl.jpg
onion_rings/29_onion_rings_hostedLargeUrl.jpg
onion_rings/27_crispy_onion_rings_hostedLargeUrl.jpg
onion_rings/43_crispy_chickpea_onion_rings_hostedLargeUrl.jpg
onion_rings/26_chili_onion_rings_hostedLargeUrl.jpg
onion_rings/18_onion_rings_hostedLargeUrl.jpg
onion_rings/9_classic_onion_rings_hostedLargeUrl.jpg
strawberry_shortcake/35_strawberry_shortcake_hostedLargeUrl.jpg
strawberry_shortcake/41_spiked_strawberry_shortcake_hostedLargeUrl.jpg
strawberry_shortcake/36_homemade_strawberry_shortcake_hostedLargeUrl.jpg
strawberry_shortcake/48_balsamic_strawberry_shortcakes_hostedLargeUrl.jpg
strawberry_shortcake/24_classic_strawberry_shortcake_hostedLargeUrl.jpg
strawberry_shortcake/19_strawberry_shortcake_hostedLargeUrl.jpg
strawberry_shortcake/3_strawberry_shortcake_hostedLargeUrl.jpg
strawberry_shortcake/29_strawberry_shortcake_muffins_hostedLargeUrl.jpg
beef_tacos/24_walking_tacos_hostedLargeUrl.jpg
beef_tacos/31_easy_baked_beef_tacos_hostedLargeUrl.jpg
beef_tacos/42_delicious_beef_tongue_tacos_hostedLargeUrl.jpg
beef_tacos/18_spicy_beef_tacos_hostedLargeUrl.jpg
beef_tacos/29_beef_carnitas_tacos_hostedLargeUrl.jpg
beef_tacos/14_beef_and_potato_tacos_hostedLargeUrl.jpg
beef_tacos/25_homemade_tex-mex_beef_tacos_hostedLargeUrl.jpg
beef_tacos/45_salsa_verde_beef_tacos_hostedLargeUrl.jpg
oysters/36_oyster_casserole_hostedLargeUrl.jpg
oysters/0_chargrilled_oysters_hostedLargeUrl.jpg
oysters/18_scalloped_oysters_hostedLargeUrl.jpg
oysters/44_grilled_parmesan_oysters_hostedLargeUrl.jpg
oysters/48_grilled_clams_and_oysters_hostedLargeUrl.jpg
oysters/47_oysters_with_mignonnette_sauce_hostedLargeUrl.jpg
oysters/6_baked_oysters_hostedLargeUrl.jpg
oysters/28_baked_oysters_hostedLargeUrl.jpg
red_velvet_cake/49_old_fashion_red_velvet_cake_hostedLargeUrl.jpg
red_velvet_cake/48_best_red_velvet_cake_hostedLargeUrl.jpg
red_velvet_cake/2_red_velvet_cake_hostedLargeUrl.jpg
red_velvet_cake/8_red_velvet_sheet_cake_hostedLargeUrl.jpg
red_velvet_cake/25_red_velvet_cheesecake_cake_hostedLargeUrl.jpg
red_velvet_cake/43_red_velvet_cake_hostedLargeUrl.jpg
red_velvet_cake/3_red_velvet_cake_with_cream_cheese_icing_hostedLargeUrl.jpg
red_velvet_cake/15_red_velvet_cake_hostedLargeUrl.jpg
grilled_salmon/35_super_grilled_salmon_hostedLargeUrl.jpg
grilled_salmon/34_grilled_salmon_with_zucchini_hostedLargeUrl.jpg
grilled_salmon/39_lime-marinated_grilled_salmon_hostedLargeUrl.jpg
grilled_salmon/44_grilled_maple-chili_salmon_hostedLargeUrl.jpg
grilled_salmon/41_grilled_salmon_with_cherries_hostedLargeUrl.jpg
grilled_salmon/47_grilled_salmon_with_creamy_pesto_sauce_hostedLargeUrl.jpg
grilled_salmon/10_grilled_salmon_with_tomato_caper_vinaigrette_hostedLargeUrl.jpg
grilled_salmon/11_green_onion_grilled_salmon_hostedLargeUrl.jpg
guacamole/3_best_ever_guacamole_hostedLargeUrl.jpg
guacamole/5_guacamole_hostedLargeUrl.jpg
guacamole/39_bacon-pimiento_guacamole_hostedLargeUrl.jpg
guacamole/7_guacamole_hostedLargeUrl.jpg
guacamole/32_guacamole_hostedLargeUrl.jpg
guacamole/48_guacamole_hostedLargeUrl.jpg
guacamole/30_guacamole_hostedLargeUrl.jpg
guacamole/17_guacamole_hostedLargeUrl.jpg
clam_chowder/19_clam_chowder_hostedLargeUrl.jpg
clam_chowder/25_hearty_clam_chowder_hostedLargeUrl.jpg
clam_chowder/11_clam_chowder_hostedLargeUrl.jpg
clam_chowder/28_hatteras_clam_chowder_hostedLargeUrl.jpg
clam_chowder/35_clam_chowder_hostedLargeUrl.jpg
clam_chowder/47_fresh_new_england_clam_chowder_hostedLargeUrl.jpg
clam_chowder/43_clam_chowder_with_corn_hostedLargeUrl.jpg
clam_chowder/12_best_clam_chowder_hostedLargeUrl.jpg
foie_gras/27_shaved_foie_gras_and_rocket_salad_hostedLargeUrl.jpg
foie_gras/0_foie_gras_torchon_hostedLargeUrl.jpg
foie_gras/1_sauteed_duck_foie_gras_hostedLargeUrl.jpg
foie_gras/17_capon_with_clementines_and_foie_gras_hostedLargeUrl.jpg
foie_gras/31_foie_gras_with_bing_cherries_and_mache_hostedLargeUrl.jpg
foie_gras/45_foie_gras-stuffed_burgers_with_a_colatura_special_sauce_hostedLargeUrl.jpg
foie_gras/49_mock_pate_de_foie_gras_hostedLargeUrl.jpg
foie_gras/11_lamb_meatballs_with_foie_gras_sauce,_mint_and_pecorino_hostedLargeUrl.jpg
frozen_yogurt/5_coconut_frozen_yogurt_(gf)_hostedLargeUrl.jpg
frozen_yogurt/40_chocolate_frozen_yogurt_hostedLargeUrl.jpg
frozen_yogurt/37_coffee_frozen_yogurt_{recipe}_hostedLargeUrl.jpg
frozen_yogurt/41_tart_vanilla_frozen_yogurt_hostedLargeUrl.jpg
frozen_yogurt/13_blackberry_frozen_yogurt_hostedLargeUrl.jpg
frozen_yogurt/10_vanilla_frozen_yogurt_hostedLargeUrl.jpg
frozen_yogurt/21_blackberry_mint_frozen_yogurt_hostedLargeUrl.jpg
frozen_yogurt/30_pineapple_and_coconut_frozen_yogurt_hostedLargeUrl.jpg
deviled_eggs/0_classic_deviled_eggs_hostedLargeUrl.jpg
deviled_eggs/36_basic_deviled_eggs_hostedLargeUrl.jpg
deviled_eggs/24_buffalo_deviled_eggs_hostedLargeUrl.jpg
deviled_eggs/2_classic_deviled_eggs_hostedLargeUrl.jpg
deviled_eggs/22_deviled_eggs_hostedLargeUrl.jpg
deviled_eggs/39_deviled_eggs_hostedLargeUrl.jpg
deviled_eggs/34_nana's_perfect_deviled_eggs_hostedLargeUrl.jpg
deviled_eggs/35_the_perfect_deviled_eggs_hostedLargeUrl.jpg
cheesecake/5_cookies_and_cream_cheesecakes_hostedLargeUrl.jpg
cheesecake/16_the_best_cheesecake_ever_hostedLargeUrl.jpg
cheesecake/31_easy_mini_cheesecake_hostedLargeUrl.jpg
cheesecake/11_banana_cream_cheesecake_hostedLargeUrl.jpg
cheesecake/7_carrot_cake_cheesecake_hostedLargeUrl.jpg
cheesecake/27_carrot_cake_cheesecake_hostedLargeUrl.jpg
cheesecake/37_no-bake_black_bottom_vanilla_bean_cheesecake_hostedLargeUrl.jpg
cheesecake/49_no-bake_lemon_cheesecake_with_citrus_topping_(gluten_free,_paleo_+_vegan)_hostedLargeUrl.jpg
spaghetti_bolognese/41_a_hearty_spaghetti_bolognese_hostedLargeUrl.jpg
spaghetti_bolognese/38_pressure_cooker_spaghetti_bolognese_hostedLargeUrl.jpg
spaghetti_bolognese/28_so-easy_spaghetti_bolognese_hostedLargeUrl.jpg
spaghetti_bolognese/23_simply_delicious_spaghetti_bolognese_hostedLargeUrl.jpg
spaghetti_bolognese/25_crock_pot_spaghetti_bolognese_hostedLargeUrl.jpg
spaghetti_bolognese/22_spaghetti_with_turkey_bolognese_hostedLargeUrl.jpg
spaghetti_bolognese/31_spaghetti_bolognese_with_mushrooms_hostedLargeUrl.jpg
spaghetti_bolognese/0_spaghetti_bolognese_hostedLargeUrl.jpg
lasagna/26_pumpkin_sauce_lasagna_hostedLargeUrl.jpg
lasagna/34_bertolli_lasagna_hostedLargeUrl.jpg
lasagna/37_slow_cooker_lasagna_with_ricotta_cheese_hostedLargeUrl.jpg
lasagna/16_lasagna_hostedLargeUrl.jpg
lasagna/18_lasagna_hostedLargeUrl.jpg
lasagna/41_lasagna_rosa_hostedLargeUrl.jpg
lasagna/31_lasagna_hostedLargeUrl.jpg
lasagna/5_lasagna_hostedLargeUrl.jpg
club_sandwich/14_lorraine's_club_sandwich_hostedLargeUrl.jpg
club_sandwich/28_chicken_club_sandwich_hostedLargeUrl.jpg
club_sandwich/17_grilled_chicken_and_club_sandwich_hostedLargeUrl.jpg
club_sandwich/16_club_sub_sandwich_hostedLargeUrl.jpg
club_sandwich/27_club_sandwich_hostedLargeUrl.jpg
club_sandwich/31_the_ultimate_club_sandwich_hostedLargeUrl.jpg
club_sandwich/23_buffalo_chicken_club_sandwich_hostedLargeUrl.jpg
club_sandwich/32_hummus_club_sandwich_hostedLargeUrl.jpg
pad_thai/3_pad_thai_hostedLargeUrl.jpg
pad_thai/30_pad_thai_hostedLargeUrl.jpg
pad_thai/49_shrimp_pad_thai_hostedLargeUrl.jpg
pad_thai/18_shrimp_pad_thai_hostedLargeUrl.jpg
pad_thai/37_pad_thai_hostedLargeUrl.jpg
pad_thai/24_chicken_pad_thai_hostedLargeUrl.jpg
pad_thai/22_vegetable_pad_thai_hostedLargeUrl.jpg
pad_thai/17_easy_pad_thai_hostedLargeUrl.jpg
takoyaki/7_perfect_crisp_takoyaki_batter_hostedLargeUrl.jpg
takoyaki/3_our_family's_osaka-style_takoyaki_with_creamy_insides_hostedLargeUrl.jpg
cupcakes/19_nutella_frosted_chocolate_guinness_cupcakes_hostedLargeUrl.jpg
cupcakes/23_champagne_cupcakes_hostedLargeUrl.jpg
cupcakes/13_butterscotch_cupcakes_hostedLargeUrl.jpg
cupcakes/0_snoball_cupcakes_hostedLargeUrl.jpg
cupcakes/4_snickerdoodle_cupcakes_hostedLargeUrl.jpg
cupcakes/47_ghost_cupcakes_hostedLargeUrl.jpg
cupcakes/8_death_by_oreo_cupcakes_hostedLargeUrl.jpg
cupcakes/14_tagalong_cupcakes_hostedLargeUrl.jpg
peking_duck/12_peking_duck_grilled_cheese_hostedLargeUrl.jpg
peking_duck/11_peking_duck_with_bulgur_and_dried_fruits_hostedLargeUrl.jpg
peking_duck/22_duck,_duck,_soup!_hostedLargeUrl.jpg
peking_duck/1_peking_duck_hostedLargeUrl.jpg
peking_duck/28_duck_confit_hostedLargeUrl.jpg
peking_duck/4_easy_peking_duck_(really)_hostedLargeUrl.jpg
macarons/1_french_macarons_hostedLargeUrl.jpg
macarons/29_chocolate_macarons_hostedLargeUrl.jpg
macarons/36_snickerdoodle_macarons_hostedLargeUrl.jpg
macarons/20_raspberry_coconut_macarons_hostedLargeUrl.jpg
macarons/16_macarons_hostedLargeUrl.jpg
macarons/44_classic_french_macarons_hostedLargeUrl.jpg
macarons/27_lime_macarons_hostedLargeUrl.jpg
macarons/34_hazelnut_macarons_with_nutella_filling_hostedLargeUrl.jpg
sashimi/35_salmon_sashimi_salad_hostedLargeUrl.jpg
sashimi/40_poke_burrito_hostedLargeUrl.jpg
sashimi/12_cauliflower_rice_spicy_tuna_rolls_hostedLargeUrl.jpg
sashimi/38_hawaiian_ahi_tuna_poke_bowl._hostedLargeUrl.jpg
sashimi/36_raw_slaw_with_sashimi_hostedLargeUrl.jpg
sashimi/33_snapper_sashimi_with_chilli-lime_dressing_hostedLargeUrl.jpg
sashimi/42_sesame_seared_ahi_tuna_salad_hostedLargeUrl.jpg
sashimi/11_sashimi_salad_hostedLargeUrl.jpg
tiramisu/10_tiramisu_hostedLargeUrl.jpg
tiramisu/46_quick_tiramisu_trifles_hostedLargeUrl.jpg
tiramisu/47_tiramisu_hostedLargeUrl.jpg
tiramisu/35_tiramisu_hostedLargeUrl.jpg
tiramisu/24_tiramisu_hostedLargeUrl.jpg
tiramisu/36_tiramisu_hostedLargeUrl.jpg
tiramisu/14_tiramisu_hostedLargeUrl.jpg
tiramisu/29_tiramisu_hostedLargeUrl.jpg
scallops/23_seared_scallops_with_carmelized_mango_slaw_hostedLargeUrl.jpg
scallops/20_baked_scallops_hostedLargeUrl.jpg
scallops/33_how_to_cook_scallops_on_the_stovetop_hostedLargeUrl.jpg
scallops/46_linguine_with_scallops_and_pancetta_hostedLargeUrl.jpg
scallops/40_bacon_wrapped_scallops_hostedLargeUrl.jpg
scallops/28_seared_scallops_with_shrimp,_herb_and_spring_vegetable_risotto_hostedLargeUrl.jpg
scallops/0_seared_scallops_hostedLargeUrl.jpg
scallops/13_rosemary-skewered_scallops_hostedLargeUrl.jpg
grilled_cheese_sandwich/30_gourmet_grilled_cheese_sandwich_hostedLargeUrl.jpg
grilled_cheese_sandwich/42_asparagus_grilled_cheese_sandwich_hostedLargeUrl.jpg
grilled_cheese_sandwich/11_grilled_cheese_and_spinach_sandwich_hostedLargeUrl.jpg
grilled_cheese_sandwich/35_super_cheezy_vegan_grilled_cheese_sandwich_hostedLargeUrl.jpg
grilled_cheese_sandwich/3_avocado_tomato_grilled_cheese_sandwich_hostedLargeUrl.jpg
grilled_cheese_sandwich/29_crisp_grilled_cheese_sandwich_hostedLargeUrl.jpg
grilled_cheese_sandwich/6_fontina_+_blackberry_basil_smash_grilled_cheese_sandwiches_hostedLargeUrl.jpg
grilled_cheese_sandwich/34_sun_dried_tomato_spinach_grilled_cheese_sandwich_hostedLargeUrl.jpg
greek_salad/22_greek_farmers_salad_hostedLargeUrl.jpg
greek_salad/25_greek_salad_hostedLargeUrl.jpg
greek_salad/2_chunky_greek_salad_hostedLargeUrl.jpg
greek_salad/18_greek_mason_jar_salad_hostedLargeUrl.jpg
greek_salad/4_greek_salad_hostedLargeUrl.jpg
greek_salad/40_greek_salad_hostedLargeUrl.jpg
greek_salad/24_greek_salad_hostedLargeUrl.jpg
greek_salad/32_greek_ravioli_salad_hostedLargeUrl.jpg
ravioli/0_pepper-infused_ravioli_hostedLargeUrl.jpg
ravioli/47_crispy_ravioli_hostedLargeUrl.jpg
ravioli/1_fried_ravioli_hostedLargeUrl.jpg
ravioli/46_fried_ravioli_hostedLargeUrl.jpg
ravioli/2_fried_ravioli_hostedLargeUrl.jpg
ravioli/42_10_minute_garlic_parmesan_ravioli_hostedLargeUrl.jpg
ravioli/26_ravioli_with_sauteed_asparagus_and_walnuts_hostedLargeUrl.jpg
ravioli/36_fried_ravioli_with_marinara_hostedLargeUrl.jpg
lobster_bisque/4_lobster_bisque_hostedLargeUrl.jpg
lobster_bisque/0_fabulous_quick_lobster_bisque_hostedLargeUrl.jpg
lobster_bisque/37_lobster_and_chive_bisque_hostedLargeUrl.jpg
lobster_bisque/15_rich_and_creamy_lobster_bisque_hostedLargeUrl.jpg
lobster_bisque/39_lobster_bisque_hostedLargeUrl.jpg
lobster_bisque/47_easy_lobster_bisque_hostedLargeUrl.jpg
lobster_bisque/12_lobster_bisque_hostedLargeUrl.jpg
lobster_bisque/3_lobster_bisque_hostedLargeUrl.jpg
pancakes/43_latkes_(potato_pancakes)_hostedLargeUrl.jpg
pancakes/42_spinach_pancakes_hostedLargeUrl.jpg
pancakes/36_matcha_pancakes_hostedLargeUrl.jpg
pancakes/17_carrot_pancakes_hostedLargeUrl.jpg
pancakes/21_pancakes_from_scratch_hostedLargeUrl.jpg
pancakes/45_easy_banana_pancakes_hostedLargeUrl.jpg
pancakes/6_raspberry_skillet_pancake_hostedLargeUrl.jpg
pancakes/34_best_breakfast_pancakes_hostedLargeUrl.jpg
spring_rolls/41_homemade_spring_rolls_hostedLargeUrl.jpg
spring_rolls/43_tofu_spring_rolls_hostedLargeUrl.jpg
spring_rolls/46_easy_baked_spring_rolls_hostedLargeUrl.jpg
spring_rolls/33_spring_rolls_hostedLargeUrl.jpg
spring_rolls/11_vietnamese_healthy_spring_rolls_with_peanut_butter_sauce_hostedLargeUrl.jpg
spring_rolls/16_spring_rolls_hostedLargeUrl.jpg
spring_rolls/6_baked_veggie_spring_rolls_hostedLargeUrl.jpg
spring_rolls/8_spring_roll_hostedLargeUrl.jpg
bread_pudding/31_bread_pudding_hostedLargeUrl.jpg
bread_pudding/6_salted_caramel_apple_bread_pudding_hostedLargeUrl.jpg
bread_pudding/12_pineapple_bread_pudding_with_pecans_hostedLargeUrl.jpg
bread_pudding/30_creamy_blueberry_bread_pudding_hostedLargeUrl.jpg
bread_pudding/9_easy,_southern_bread_pudding_hostedLargeUrl.jpg
bread_pudding/1_banana_pudding_bread_pudding_hostedLargeUrl.jpg
bread_pudding/46_peach_bread_pudding_hostedLargeUrl.jpg
bread_pudding/17_bread_pudding_hostedLargeUrl.jpg
poutine/45_canadian_poutine_hostedLargeUrl.jpg
poutine/38_poutine_{cheesy_gravy_fries}_hostedLargeUrl.jpg
poutine/7_poutine_hostedLargeUrl.jpg
poutine/19_poutine_gravy_hostedLargeUrl.jpg
poutine/40_vegetarian_poutine_hostedLargeUrl.jpg
poutine/12_poutine_hostedLargeUrl.jpg
poutine/30_lobster_poutine._hostedLargeUrl.jpg
poutine/1_poutine_hostedLargeUrl.jpg
ramen/41_20-minute_sriracha_shrimp_ramen_hostedLargeUrl.jpg
ramen/33_ramen_burger_hostedLargeUrl.jpg
ramen/12_pork_ramen_soup_hostedLargeUrl.jpg
ramen/30_shoyu_ramen_hostedLargeUrl.jpg
ramen/47_simple_homemade_chicken_ramen_hostedLargeUrl.jpg
ramen/49_vegan_tonkotsu_ramen_hostedLargeUrl.jpg
ramen/7_miso_ramen_hostedLargeUrl.jpg
ramen/15_kimchi_ramen_hostedLargeUrl.jpg
omelette/3_basic_omelette_hostedLargeUrl.jpg
omelette/48_mushroom_omelette_hostedLargeUrl.jpg
omelette/4_spanish_omelette_hostedLargeUrl.jpg
omelette/18_cajun_omelette_hostedLargeUrl.jpg
omelette/10_3-minute_spinach_artichoke_omelet_hostedLargeUrl.jpg
omelette/9_spanish_omelette_hostedLargeUrl.jpg
omelette/46_healthy_mediterranean_veggie_omelette_hostedLargeUrl.jpg
omelette/30_sleepin_in_omelette_hostedLargeUrl.jpg
risotto/0_italian_risotto_hostedLargeUrl.jpg
risotto/18_risotto_hostedLargeUrl.jpg
risotto/29_shrimp_and_bacon_risotto_hostedLargeUrl.jpg
risotto/23_slow_cooker_cauliflower_pea_risotto_hostedLargeUrl.jpg
risotto/42_simple_risotto_hostedLargeUrl.jpg
risotto/32_lemon_risotto_with_asparagus_hostedLargeUrl.jpg
risotto/25_springtime_risotto_hostedLargeUrl.jpg
risotto/48_beet_risotto_hostedLargeUrl.jpg
french_onion_soup/9_french_onion_soup_hostedLargeUrl.jpg
french_onion_soup/45_classic_french_onion_soup_hostedLargeUrl.jpg
french_onion_soup/8_french_onion_soup_hostedLargeUrl.jpg
french_onion_soup/10_french_onion_soup_hostedLargeUrl.jpg
french_onion_soup/26_french_onion_soup_hostedLargeUrl.jpg
french_onion_soup/17_light_french_onion_soup_hostedLargeUrl.jpg
french_onion_soup/33_best_french_onion_soup_hostedLargeUrl.jpg
french_onion_soup/32_french_onion_soup_hostedLargeUrl.jpg
prime_rib/2_roast_boneless_prime_rib_hostedLargeUrl.jpg
prime_rib/28_classic_prime_rib_hostedLargeUrl.jpg
prime_rib/17_garlic_prime_rib_hostedLargeUrl.jpg
prime_rib/48_garlic_prime_rib_hostedLargeUrl.jpg
prime_rib/4_perfect_prime_rib_hostedLargeUrl.jpg
prime_rib/29_perfect_prime_rib_hostedLargeUrl.jpg
prime_rib/39_kim's_prime_rib_hostedLargeUrl.jpg
prime_rib/33_crusted_pepper_prime_rib_hostedLargeUrl.jpg
baby_back_ribs/20_pressure_cooker_baby_back_ribs_hostedLargeUrl.jpg
baby_back_ribs/1_fall-off-the-bone_baby_back_ribs_hostedLargeUrl.jpg
baby_back_ribs/44_easy_oven-baked_asian_baby_back_ribs_hostedLargeUrl.jpg
baby_back_ribs/40_bbq_ribs__the_greatest_fall_of_the_bone_braised_baby_back_ribs_hostedLargeUrl.jpg
baby_back_ribs/18_fall_off_the_bone_tender_baby_back_ribs_hostedLargeUrl.jpg
baby_back_ribs/12_hawaiian_baby_back_ribs_hostedLargeUrl.jpg
baby_back_ribs/14_smoked_baby_back_ribs_hostedLargeUrl.jpg
baby_back_ribs/30_sweet_&_sour_baby_back_ribs_hostedLargeUrl.jpg
dumplings/34_old_fashioned_chicken_&_dumplings_hostedLargeUrl.jpg
dumplings/18_pork_dumplings_hostedLargeUrl.jpg
dumplings/27_kimchi_dumplings_hostedLargeUrl.jpg
dumplings/45_how_to_make_asian_dumplings_from_scratch_hostedLargeUrl.jpg
dumplings/16_jamaican_festival_(caribbean_dumpling)_hostedLargeUrl.jpg
dumplings/3_momo_dumplings_hostedLargeUrl.jpg
dumplings/5_dumplings_hostedLargeUrl.jpg
dumplings/49_pork_and_chive_dumplings_hostedLargeUrl.jpg
sushi/11_quinoa_sushi_hostedLargeUrl.jpg
sushi/39_vegetarian_sushi_hostedLargeUrl.jpg
sushi/37_sushi_salad_hostedLargeUrl.jpg
sushi/28_veggie_sushi_with_quinoa_and_beet_hostedLargeUrl.jpg
sushi/33_deconstructed_sushi_bowl_[vegan]_hostedLargeUrl.jpg
sushi/2_sushi_hostedLargeUrl.jpg
sushi/16_chirashi_sushi_hostedLargeUrl.jpg
sushi/43_sushi_rice_hostedLargeUrl.jpg
chicken_quesadilla/49_fiesta_chicken_quesadillas_hostedLargeUrl.jpg
chicken_quesadilla/9_chicken_quesadillas_hostedLargeUrl.jpg
chicken_quesadilla/24_buffalo_chicken_quesadillas_hostedLargeUrl.jpg
chicken_quesadilla/3_barbecue_chicken_quesadillas_hostedLargeUrl.jpg
chicken_quesadilla/19_chicken_quesadillas_hostedLargeUrl.jpg
chicken_quesadilla/16_chicken-chile_quesadillas_hostedLargeUrl.jpg
chicken_quesadilla/47_baja_grilled_chicken_quesadillas_hostedLargeUrl.jpg
chicken_quesadilla/43_bbq_chicken_and_pineapple_quesadillas_hostedLargeUrl.jpg
breakfast_burrito/25_freezable_breakfast_burritos_hostedLargeUrl.jpg
breakfast_burrito/10_freezer_breakfast_burritos_hostedLargeUrl.jpg
breakfast_burrito/21_breakfast_burrito_hostedLargeUrl.jpg
breakfast_burrito/32_perfect_breakfast_burritos_{freezer-friendly}_hostedLargeUrl.jpg
breakfast_burrito/45_chorizo_bacon_breakfast_burritos_hostedLargeUrl.jpg
breakfast_burrito/29_kid_approved_breakfast_burritos_hostedLargeUrl.jpg
breakfast_burrito/18_freezer_breakfast_burritos_hostedLargeUrl.jpg
breakfast_burrito/4_breakfast_burrito_hostedLargeUrl.jpg
gnocchi/25_fried_gnocchi_hostedLargeUrl.jpg
gnocchi/26_creamy_mushroom_gnocchi_hostedLargeUrl.jpg
gnocchi/6_baked_gnocchi_hostedLargeUrl.jpg
gnocchi/38_baked_pesto_gnocchi_with_tuna_hostedLargeUrl.jpg
gnocchi/28_gnocchi_bolognese_hostedLargeUrl.jpg
gnocchi/16_skillet_gnocchi_hostedLargeUrl.jpg
gnocchi/42_mushroom_gnocchi_hostedLargeUrl.jpg
gnocchi/37_chicken_florentine_gnocchi_hostedLargeUrl.jpg
garlic_bread/43_garlic_bread_hostedLargeUrl.jpg
garlic_bread/40_secret_ingredient_cheesy_garlic_bread_hostedLargeUrl.jpg
garlic_bread/35_garlic__cheese__bread_hostedLargeUrl.jpg
garlic_bread/14_paleo_garlic_bread_hostedLargeUrl.jpg
garlic_bread/1_garlic_cheesy_bread_hostedLargeUrl.jpg
garlic_bread/47_garlic_bread_hostedLargeUrl.jpg
garlic_bread/48_cheesy_garlic_bread_hostedLargeUrl.jpg
garlic_bread/13_lasagna_stuffed_garlic_bread_hostedLargeUrl.jpg
donuts/46_sour_cream_cake_donuts_with_maple_brown_butter_glaze_hostedLargeUrl.jpg
donuts/42_baked_pumpkin_donuts_hostedLargeUrl.jpg
donuts/4_samoa_donuts_hostedLargeUrl.jpg
donuts/45_buttermilk_glazed_doughnuts_hostedLargeUrl.jpg
donuts/34_glazed_blueberry_cake_donuts_hostedLargeUrl.jpg
donuts/38_baked_vanilla_donuts_hostedLargeUrl.jpg
donuts/15_apple_filled_crumb_donuts_hostedLargeUrl.jpg
donuts/12_baked_strawberry_donuts_hostedLargeUrl.jpg
waffles/16_waffles_hostedLargeUrl.jpg
waffles/29_quick_and_easy_waffles_hostedLargeUrl.jpg
waffles/45_classic_(belgian)_waffles_hostedLargeUrl.jpg
waffles/24_red_velvet_waffles_hostedLargeUrl.jpg
waffles/10_waffles_hostedLargeUrl.jpg
waffles/6_basic_waffles_hostedLargeUrl.jpg
waffles/9_churro_waffles_hostedLargeUrl.jpg
waffles/5_churro_waffles_hostedLargeUrl.jpg
fried_rice/22_sriracha_fried_rice_hostedLargeUrl.jpg
fried_rice/35_vegetable_fried_rice_hostedLargeUrl.jpg
fried_rice/39_pork_fried_rice_hostedLargeUrl.jpg
fried_rice/7_quinoa_'fried_rice'_hostedLargeUrl.jpg
fried_rice/33_better_than_takeout_chinese_fried_rice_hostedLargeUrl.jpg
fried_rice/20_fried_rice_hostedLargeUrl.jpg
fried_rice/19_easy_fried_rice_hostedLargeUrl.jpg
fried_rice/25_10_minute_fried_rice_hostedLargeUrl.jpg
baklava/28_brownie_baklava_hostedLargeUrl.jpg
baklava/47_baklava_hostedLargeUrl.jpg
baklava/5_healthy_baklava_hostedLargeUrl.jpg
baklava/36_baklava_hostedLargeUrl.jpg
baklava/12_baklava_hostedLargeUrl.jpg
baklava/7_baklava_hostedLargeUrl.jpg
baklava/21_baklava_hostedLargeUrl.jpg
baklava/38_baklava_hostedLargeUrl.jpg
tuna_tartare/19_spicy_tuna_tartare_hostedLargeUrl.jpg
tuna_tartare/40_tuna_tartar_hostedLargeUrl.jpg
tuna_tartare/1_spicy_crunchy_tuna_tartare_hostedLargeUrl.jpg
tuna_tartare/34_tuna_ceviche_or_tartare_with_avocado_hostedLargeUrl.jpg
tuna_tartare/25_tuna_tartare_blini_hostedLargeUrl.jpg
tuna_tartare/10_tuna_tartare_with_avocado_hostedLargeUrl.jpg
panna_cotta/25_lemon_panna_cotta_hostedLargeUrl.jpg
panna_cotta/7_panna_cotta_hostedLargeUrl.jpg
panna_cotta/10_coconut_panna_cotta_hostedLargeUrl.jpg
panna_cotta/39_chocolate_hazelnut_panna_cotta_hostedLargeUrl.jpg
panna_cotta/21_peach_chamomile_panna_cotta_hostedLargeUrl.jpg
panna_cotta/46_buttermilk_panna_cotta_hostedLargeUrl.jpg
panna_cotta/22_jelly_panna_cotta_hostedLargeUrl.jpg
panna_cotta/40_salted_caramel_panna_cotta_hostedLargeUrl.jpg
pizza/3_freezer_english_muffin_freezer_pizzas_hostedLargeUrl.jpg
pizza/4_spinach_artichoke_pizza_hostedLargeUrl.jpg
pizza/27_caprese_pizza_hostedLargeUrl.jpg
pizza/20_caprese_pizza_hostedLargeUrl.jpg
pizza/16_mexicali_pizzas_hostedLargeUrl.jpg
pizza/32_sicilian_pizza_hostedLargeUrl.jpg
pizza/46_deep_dish_mini_pizzas_hostedLargeUrl.jpg
pizza/33_reuben_pizza_hostedLargeUrl.jpg
pho/37_vegetarian_pho_hostedLargeUrl.jpg
pho/21_slow_cooker_beef_pho_hostedLargeUrl.jpg
pho/44_vietnamese_pho__beef_rice_noodle_soup_recipe_(pho_bo)_with_shortcut_and_slow_cooker_options_hostedLargeUrl.jpg
pho/43_instant_pot_vietnamese_beef_pho_hostedLargeUrl.jpg
pho/27_oxtail_pho_hostedLargeUrl.jpg
pho/4_beef_pho_hostedLargeUrl.jpg
pho/17_shrimp_pho_-_vietnamese_noodle_soup_hostedLargeUrl.jpg
pho/12_pho_hostedLargeUrl.jpg
pulled_pork_sandwich/20_pulled_pork_sandwich_hostedLargeUrl.jpg
pulled_pork_sandwich/31_pulled_pork_sandwiches_with_smoky_orange_barbecue_sauce_hostedLargeUrl.jpg
pulled_pork_sandwich/42_slow_cooker_pulled_pork_sandwiches_hostedLargeUrl.jpg
pulled_pork_sandwich/3_carolina_pulled-pork_sandwiches_hostedLargeUrl.jpg
pulled_pork_sandwich/13_instant_pot_pulled_pork_barbecue_sandwiches_hostedLargeUrl.jpg
pulled_pork_sandwich/41_barbecued_pulled_pork_sandwiches_hostedLargeUrl.jpg
pulled_pork_sandwich/29_pulled_pork_sandwich_hostedLargeUrl.jpg
pulled_pork_sandwich/38_skinny_and_tender_pulled_pork_sandwiches_hostedLargeUrl.jpg
edamame/9_edamame_snack_hostedLargeUrl.jpg
edamame/44_edamame_hummus_hostedLargeUrl.jpg
edamame/11_crunchy_edamame_hostedLargeUrl.jpg
edamame/22_blistered_edamame_hostedLargeUrl.jpg
edamame/43_edamame_potstickers_hostedLargeUrl.jpg
edamame/14_edamame_soup_hostedLargeUrl.jpg
edamame/26_easy_edamame_dip_hostedLargeUrl.jpg
edamame/45_edamame_spread_hostedLargeUrl.jpg
bibimbap/42_vegetarian_bibimbap_hostedLargeUrl.jpg
bibimbap/1_the_occasional_vegetarian's_bibimbap_hostedLargeUrl.jpg
bibimbap/4_bibimbap_hostedLargeUrl.jpg
bibimbap/43_bibimbap_at_home_hostedLargeUrl.jpg
bibimbap/11_bibimbap_hostedLargeUrl.jpg
bibimbap/32_30_minute_korean_bibimbap_hostedLargeUrl.jpg
bibimbap/12_bibimbap_hostedLargeUrl.jpg
bibimbap/35_bibimbap_{korean_mixed_rice_with_vegetables}_hostedLargeUrl.jpg
bruschetta/4_bruschetta_hostedLargeUrl.jpg
bruschetta/20_strawberry_basil_bruschetta_hostedLargeUrl.jpg
bruschetta/48_caprese_bruschetta_hostedLargeUrl.jpg
bruschetta/17_bruschetta_with_tomato_and_basil_hostedLargeUrl.jpg
bruschetta/46_fresh_bruschetta_with_balsamic_reduction_hostedLargeUrl.jpg
bruschetta/6_bruschetta_hostedLargeUrl.jpg
bruschetta/27_bruschetta_hostedLargeUrl.jpg
bruschetta/40_strawberry_basil_bruschetta_hostedLargeUrl.jpg
hot_dog/9_nacho_hot_dog_hostedLargeUrl.jpg
hot_dog/40_mummy_hot_dogs_hostedLargeUrl.jpg
hot_dog/25_nacho_hot_dog_hostedLargeUrl.jpg
hot_dog/3_buffalo_hot_dogs_hostedLargeUrl.jpg
hot_dog/16_loaded_buffalo_hot_dogs_hostedLargeUrl.jpg
hot_dog/29_hot_dogs_with_kimchi_relish_hostedLargeUrl.jpg
hot_dog/44_philly_cheesesteak_hot_dog_hostedLargeUrl.jpg
hot_dog/18_fajita_hot_dogs_hostedLargeUrl.jpg
spaghetti_carbonara/34_spaghetti_alla_carbonara_di_carciofi_(spaghetti_carbonara_with_artichoke)_hostedLargeUrl.jpg
spaghetti_carbonara/41_peppered_bacon_spaghetti_carbonara_hostedLargeUrl.jpg
spaghetti_carbonara/46_healthier_spaghetti_carbonara_hostedLargeUrl.jpg
spaghetti_carbonara/17_spaghetti_carbonara_hostedLargeUrl.jpg
spaghetti_carbonara/45_spaghetti_carbonara_hostedLargeUrl.jpg
spaghetti_carbonara/39_ruth_reichl's_spaghetti_carbonara_hostedLargeUrl.jpg
spaghetti_carbonara/48_spaghetti_carbonara_hostedLargeUrl.jpg
spaghetti_carbonara/4_spaghetti_carbonara_hostedLargeUrl.jpg
chocolate_mousse/16_chocolate_mousse_hostedLargeUrl.jpg
chocolate_mousse/41_eggless_chocolate_mousse_hostedLargeUrl.jpg
chocolate_mousse/23_chocolate_mousse_hostedLargeUrl.jpg
chocolate_mousse/33_chocolate_mousse_+_crumb_hostedLargeUrl.jpg
chocolate_mousse/31_chocolate_mousse_hostedLargeUrl.jpg
chocolate_mousse/18_sky_high_chocolate_mousse_pie_hostedLargeUrl.jpg
chocolate_mousse/34_dark_chocolate_mousse_hostedLargeUrl.jpg
chocolate_mousse/3_dark_chocolate_mousse_hostedLargeUrl.jpg
filet_mignon/19_filet_mignon_with_herb_butter_hostedLargeUrl.jpg
filet_mignon/8_perfect_grilled_filet_mignon_hostedLargeUrl.jpg
filet_mignon/31_grilled_peppercorn-crusted_filet_mignon_hostedLargeUrl.jpg
filet_mignon/15_filet_mignon_with_mushrooms_hostedLargeUrl.jpg
filet_mignon/39_filet_mignon_with_gorgonzola_cream_sauce_hostedLargeUrl.jpg
filet_mignon/12_filet_mignon_with_rich_balsamic_glaze_hostedLargeUrl.jpg
filet_mignon/45_filet_mignon_with_marsala_caramelized_onions_hostedLargeUrl.jpg
filet_mignon/20_bacon-wrapped_filet_mignon_hostedLargeUrl.jpg
caesar_salad/46_chicken_caesar_salad_hostedLargeUrl.jpg
caesar_salad/20_vegan_caesar_salad_hostedLargeUrl.jpg
caesar_salad/11_caesar_salad_hostedLargeUrl.jpg
caesar_salad/1_chicken_caesar_pasta_salad_hostedLargeUrl.jpg
caesar_salad/37_grilled_chicken_caesar_salad_hostedLargeUrl.jpg
caesar_salad/44_grilled_caesar_salad_hostedLargeUrl.jpg
caesar_salad/5_chicken_caesar_salad_hostedLargeUrl.jpg
caesar_salad/0_chicken_caesar_salad_hostedLargeUrl.jpg
lobster_roll_sandwich/16_lobster_rolls_hostedLargeUrl.jpg
lobster_roll_sandwich/2_lobster,_egg_and_avocado_breakfast_sandwich_hostedLargeUrl.jpg
lobster_roll_sandwich/19_lightened-up_lobster_rolls_hostedLargeUrl.jpg
lobster_roll_sandwich/17_lobster_rolls_hostedLargeUrl.jpg
seaweed_salad/9_wild_seaweed_salad_hostedLargeUrl.jpg
seaweed_salad/1_seaweed_salad_hostedLargeUrl.jpg
seaweed_salad/25_anti-inflammatory_kale_salad_hostedLargeUrl.jpg
seaweed_salad/14_cucumber_seaweed_salad_hostedLargeUrl.jpg
seaweed_salad/20_deeply_nourishing_seaweed_and_sprout_salad_hostedLargeUrl.jpg
seaweed_salad/47_nori_quinoa_salad_hostedLargeUrl.jpg
seaweed_salad/39_sushi_salad_hostedLargeUrl.jpg
seaweed_salad/15_miyeok_muchim_(seaweed_salad)_hostedLargeUrl.jpg
french_toast/42_french_toast_muffins_hostedLargeUrl.jpg
french_toast/34_mixed_berry_french_toast_casserole_hostedLargeUrl.jpg
french_toast/32_cinnamon_toast_french_toast_hostedLargeUrl.jpg
french_toast/8_nutella_stuffed_french_toast_with_macerated_strawberries_hostedLargeUrl.jpg
french_toast/22_pumpkin_french_toast_hostedLargeUrl.jpg
french_toast/16_perfect_french_toast_hostedLargeUrl.jpg
french_toast/37_cinnamon_roll_french_toast_bake_hostedLargeUrl.jpg
french_toast/35_baked_french_toast_hostedLargeUrl.jpg
caprese_salad/3_simple_caprese_salad_hostedLargeUrl.jpg
caprese_salad/31_smoked_mozzarella_caprese_salad_hostedLargeUrl.jpg
caprese_salad/45_white_bean_caprese_salad_hostedLargeUrl.jpg
caprese_salad/23_avocado_caprese_salad_hostedLargeUrl.jpg
caprese_salad/7_easy_caprese_salad_hostedLargeUrl.jpg
caprese_salad/37_heirloom_tomato_caprese_salad_hostedLargeUrl.jpg
caprese_salad/15_avocado_caprese_salad_hostedLargeUrl.jpg
caprese_salad/8_tomato_caprese_salad_hostedLargeUrl.jpg
chocolate_ice_cream/25_simply_perfect_chocolate_ice_cream_hostedLargeUrl.jpg
chocolate_ice_cream/4_no_churn_extreme_chocolate_ice_cream_hostedLargeUrl.jpg
chocolate_ice_cream/28_chocolate_ice_cream_hostedLargeUrl.jpg
chocolate_ice_cream/41_homemade_chocolate_ice_cream_hostedLargeUrl.jpg
chocolate_ice_cream/29_chocolate_ice_cream_hostedLargeUrl.jpg
chocolate_ice_cream/39_vanilla_bean,_white_chocolate_and_oreo_crumble_ice_cream_hostedLargeUrl.jpg
chocolate_ice_cream/13_homemade_chocolate_ice_cream_hostedLargeUrl.jpg
chocolate_ice_cream/14_the_very_best_chocolate_ice_cream_hostedLargeUrl.jpg
